post_id,author_comment_karma,author_link_karma,time_in_mins,post_is_original_content,post_name,post_num_comments,post_over_18,post_score,post_has_link,post_spoiler,post_stickied,subreddit_id,subreddit_name,subreddit_subscriber_count,post_title,post_upvote_ratio,post_url
uz8935,15540,60871,661,False,t3_uz8935,812,False,45894,False,False,False,35n7t,t5_35n7t,2536334,Cops don't help,0.94,https://i.redd.it/hmyphrd963291.jpg
uz7wjk,58587,6200,678,False,t3_uz7wjk,1930,False,19259,False,False,False,2qh3l,t5_2qh3l,24719657,Uvalde school police chief identified as commander who decided not to breach classroom,0.97,https://www.cnn.com/us/live-news/texas-elementary-school-shooting-05-27-22/h_aabca871ba934fa48726a8d5e5c12eac
uz7zyk,15214,57404,663,False,t3_uz7zyk,362,False,15489,False,False,False,2qh33,t5_2qh33,40803161,"Oldie, but these daddies still got it!",0.93,https://v.redd.it/d7h467o143291
uz88xi,3301,6262,661,False,t3_uz88xi,934,False,12937,False,False,False,2qnts,t5_2qnts,21410201,Police didn't immediately confront the gunman as Texas school shooting unfolded because they 'could've been shot',0.97,https://www.insider.com/texas-shooting-police-didnt-immediately-confront-gunman-lieutenant-explains-2022-5
uz6jv0,227,6712,743,False,t3_uz6jv0,547,False,20497,False,False,False,35fmc,t5_35fmc,2315671,Customer is upset that a mattress store won‚Äôt‚Ä¶ help them move‚Ä¶?,0.97,https://i.redd.it/p1tbj9lnr2291.jpg
uz626e,28953,6361,766,False,t3_uz626e,879,False,25265,False,False,False,2y77d,t5_2y77d,1956753,Cops trying to join the movement.,0.95,https://i.redd.it/zsbadixgn2291.jpg
uz75f2,67717,112824,714,False,t3_uz75f2,2897,False,35193,False,False,False,2qh03,t5_2qh03,32959025,There are levels to Innovation,0.81,https://i.imgur.com/k0XqOEG.jpg
uz5ra3,8808,9156,781,False,t3_uz5ra3,446,False,30500,False,False,False,2sf2b,t5_2sf2b,536519,The worst person you know just had a good take,0.95,https://i.imgur.com/n13gEgi.jpg
uz6kew,157578,2417884,742,False,t3_uz6kew,1469,False,17109,False,False,False,2xxyj,t5_2xxyj,5084520,All of the prohibited items at the NRA conference when Trump speaks,0.93,https://i.imgur.com/h93hf6m.jpg
uz5p9e,4927,19435,784,False,t3_uz5p9e,432,False,29519,False,False,False,2qh7a,t5_2qh7a,20691926,"Swat team, me, digital, 2017",0.89,https://i.redd.it/admxbrick2291.jpg
uz89iz,16145,34016,660,False,t3_uz89iz,403,False,12092,False,False,False,qir9n,t5_qir9n,3090722,The thin blue line,0.95,https://i.redd.it/8g06ywgd63291.jpg
uz9bud,0,3693,608,True,t3_uz9bud,140,False,9791,False,False,False,2r05i,t5_2r05i,6567858,Stop Motion Animation,0.98,https://v.redd.it/wzllptrmf3291
uz7zif,488,13833,674,False,t3_uz7zif,75,False,10134,False,False,False,2qt55,t5_2qt55,21463002,A smooth criminal,0.92,https://i.redd.it/63pr76a043291.gif
uz7r2r,333938,8570052,685,False,t3_uz7r2r,978,False,8353,False,False,False,2qi4s,t5_2qi4s,2231233,Star Wars Jedi: Survivor - Official Teaser,0.97,https://www.youtube.com/watch?v=4HLDaBGdnLc
uz55cj,123599,1068603,810,False,t3_uz55cj,351,False,20602,False,False,False,2qh1o,t5_2qh1o,31231436,Door-to-door salesman squeaks at homeowner,0.98,https://v.redd.it/z613vu3mf2291
uz6r58,9695,156308,733,False,t3_uz6r58,158,False,10368,False,False,False,33x33,t5_33x33,5552111,They also getting natural protein so it‚Äôs all good,0.95,https://i.imgur.com/rBxEAJT.jpg
uz4zue,62302,69767,818,False,t3_uz4zue,156,False,14415,False,False,False,39qgx,t5_39qgx,769422,I‚Äôm not surprised but somehow still disappointed.,0.97,https://i.redd.it/6q53v596e2291.gif
uz451s,393,53941,859,False,t3_uz451s,1603,False,24685,False,False,False,2yrq6,t5_2yrq6,4020133,Huge protest outside of the NRA convention in Houston. It's growing by the hour. There's gonna be more protesters than attendees.,0.91,https://v.redd.it/qxc2aaqb62291
uz3lpv,863,60145,884,False,t3_uz3lpv,853,False,22082,False,False,False,2cneq,t5_2cneq,8062421,Greg Abbott Is Full of Shit,0.94,https://www.texasobserver.org/greg-abbott-uvalde-shooting/
uz5kjd,14036,63896,790,False,t3_uz5kjd,1438,False,15932,False,False,False,43zwn1,t5_43zwn1,787797,RYAN COHEN TWEET,0.87,https://twitter.com/ryancohen/status/1530266772317917185?s=21
uz6bei,96111,107564,754,False,t3_uz6bei,190,False,12280,False,False,False,2qhsa,t5_2qhsa,9716210,"In November, I posted on Reddit that I was in accident. The accident ultimately led to 2 weeks in the hospital, 3+ surgeries, and having my mouth wired shut for more than 2 months. I lost 35 pounds and a lot of my strength. Today, I deadlifted 500 pounds",0.94,https://v.redd.it/1fxxbdmnp2291
uz3jm7,6871,23332,887,False,t3_uz3jm7,1622,False,32560,False,False,False,3jj03,t5_3jj03,1797825,Motorcyclist chases after POS driver who fled from a Hit and Run,0.95,https://v.redd.it/xyfi4t7p12291
uz6010,211,8546,769,False,t3_uz6010,148,False,10648,False,False,False,2zmfe,t5_2zmfe,5630261,‚ÄúWhat do you mean shoot the guy?? I could get injured! üò•‚Äù,0.96,https://i.redd.it/rh6wh2zxm2291.jpg
uz6jnw,50472,8510050,743,False,t3_uz6jnw,403,False,8691,False,False,False,346d4,t5_346d4,1429654,You had one job,0.98,https://i.redd.it/4w3nsbzlr2291.jpg
uz2hu0,167834,9368579,936,False,t3_uz2hu0,815,False,103355,False,False,False,2w67q,t5_2w67q,6245106,The Wild West,0.89,https://gfycat.com/peskybaregoral
uz3lgv,53624,379715,885,False,t3_uz3lgv,489,False,14318,False,False,False,5r98w,t5_5r98w,1333796,Fuck the Christian Karens that post bullshit like this in response to children being murdered by mass shootings.,0.91,https://i.imgur.com/sx2nTNS.jpg
uz86ge,398571,57338,665,False,t3_uz86ge,966,False,4728,False,False,False,2qm7u,t5_2qm7u,1952583,"[Baggarly] Gabe Kapler told reporters in Cincinnati that he doesn't plan on coming out for the national anthem and that will be his plan going forward ""until I feel better about the direction of our country.""",0.9,https://twitter.com/extrabaggs/status/1530297672187277312?s=21&t=06w0hKXBddaLZERDY0rAXg
uz1hzg,904,7537,982,True,t3_uz1hzg,550,False,52503,False,False,False,3deqz,t5_3deqz,4209840,60 minutes later...,0.94,https://i.redd.it/cfvbeakzk1291.jpg
uza97o,288267,181085,560,False,t3_uza97o,592,False,4602,False,False,False,2qh0u,t5_2qh0u,29005613,[OC] Fuck the NRA,0.76,https://i.imgur.com/QCZtITR.jpg
uz6gk5,123,4337,747,False,t3_uz6gk5,199,False,6509,False,False,False,2w7mz,t5_2w7mz,5359716,I think I found my dream guy,0.97,https://i.redd.it/xg14ft8iasw31.png
uz1gfg,73664,1440431,984,False,t3_uz1gfg,348,False,42806,False,False,False,2r5rp,t5_2r5rp,6278012,They are turning the fricking lions gay...,0.93,https://i.redd.it/ibqwjc0pk1291.png
uz39fi,17288,4637990,900,False,t3_uz39fi,357,False,13802,False,False,False,3k2t0,t5_3k2t0,2210012,Showing off in the middle of the road,0.98,https://v.redd.it/hisd9cnjz1291
uz13o6,10457,23402,1000,False,t3_uz13o6,321,False,29975,False,False,False,2th52,t5_2th52,12183634,New Poll Summarizes Inflation Nicely,0.95,https://i.redd.it/z1ggwgguh1291.jpg
uz25w0,131241,842373,952,False,t3_uz25w0,247,False,18421,False,False,False,35g8o,t5_35g8o,993809,It was worth a shot.,0.97,https://i.imgur.com/jrI9Woq.jpg
uz2y5f,969,11247,915,False,t3_uz2y5f,619,False,15212,False,False,False,3cs2l,t5_3cs2l,237874,#killyourlawn,0.85,https://i.redd.it/1xm1upryw1291.jpg
uz5axh,1891,3567,803,False,t3_uz5axh,80,False,6978,False,False,False,2wb7y,t5_2wb7y,1082606,Coolest Goodwill find ever,0.97,https://www.reddit.com/gallery/uz5axh
uz52rq,16225,291588,814,False,t3_uz52rq,120,False,7813,False,False,False,3gcwj,t5_3gcwj,11471584,Mental health days are ok.,0.97,https://i.redd.it/upc4n28ze2291.jpg
uz9ea2,64,4014,604,False,t3_uz9ea2,21,False,3788,False,False,False,3j7rv,t5_3j7rv,1014854,Blessed baby hog :),0.98,https://i.redd.it/geg4ypgeg3291.jpg
uz6awl,345794,97659,755,True,t3_uz6awl,151,False,5269,False,False,False,3boqz,t5_3boqz,2123546,"Josh is on the grill until 11:55, so stop pestering him and do your station!",0.94,https://www.reddit.com/r/MaliciousCompliance/comments/uz6awl/josh_is_on_the_grill_until_1155_so_stop_pestering/
uz567c,139526,2058850,809,False,t3_uz567c,83,False,10039,False,False,False,2qjpg,t5_2qjpg,19052716,Fresh Off The Boat,0.98,https://i.redd.it/99oj1csje2291.jpg
uz0hdz,3183,16512,1029,True,t3_uz0hdz,546,False,37897,False,False,False,2ti4h,t5_2ti4h,19964068,A park bench that can fold to a table,0.95,https://i.redd.it/p26vjr6lc1291.jpg
uz1zfw,2403,58933,960,False,t3_uz1zfw,92,False,17897,False,False,False,2xbrg,t5_2xbrg,5001210,Life do be like that sometimes,0.97,https://v.redd.it/bvevllwxo1291
uz17cl,513,9938,995,False,t3_uz17cl,532,False,30320,False,False,False,2r7hk,t5_2r7hk,1166171,I laughed at this for way too long,0.93,https://imgur.com/JGlo14P.jpg
uz37k6,310,135574,903,False,t3_uz37k6,112,False,13195,False,False,False,3nasz,t5_3nasz,1880423,Why walk when you can fly,0.92,https://v.redd.it/3f0mz5zsy1291
uz2dbi,6574,14595,942,False,t3_uz2dbi,613,False,12115,False,False,False,2s5oq,t5_2s5oq,20597916,LPT: Raise your hand to admit your mistake if you make a driving error. The huge majority of the time it will diminish any potential road rage from the other driver.,0.94,https://www.reddit.com/r/LifeProTips/comments/uz2dbi/lpt_raise_your_hand_to_admit_your_mistake_if_you/
uz0yl9,2723,21473,1006,True,t3_uz0yl9,195,False,28479,False,False,False,2tex6,t5_2tex6,1998188,Rest with a Soap Bath,0.97,https://i.redd.it/so9lm8wmg1291.gif
uz1611,20,6085,997,False,t3_uz1611,776,False,27615,False,False,False,m0bnr,t5_m0bnr,6225043,It‚Äôs like the eraser tool on PaintShop,0.94,https://v.redd.it/fpvdn335i1291
uz8puy,2723,21472,638,False,t3_uz8puy,122,False,3907,False,False,False,122hf1,t5_122hf1,1373713,Reaching difficult parts of Storm Veil Castle only to find Arteria Leafs ... Classic FromSoft Trolling!,0.99,https://i.redd.it/vfs3qi8u93291.gif
uz2efr,309,226588,941,False,t3_uz2efr,51,False,13421,False,False,False,3i60n,t5_3i60n,2084417,he lived,0.98,https://i.redd.it/6fcsiv4es1291.jpg
uz4eg0,121,3577,847,False,t3_uz4eg0,958,False,7137,False,False,False,2qh1e,t5_2qh1e,26441306,"That ""IT'S MORBIN TIME"" scene",0.91,https://youtu.be/OPaCXU4mwR8
uz1urs,1736,18002,966,False,t3_uz1urs,66,False,13288,False,False,False,2qhm7,t5_2qhm7,869772,LEGO Dwebble & Crustle from Pok√©mon,0.97,https://i.redd.it/h6738dgun1291.jpg
uz2n3r,138093,13302,929,False,t3_uz2n3r,845,False,9778,False,False,False,2to41,t5_2to41,17962232,TIFU: by thinking peanut butter was supposed to be spicy,0.96,https://www.reddit.com/r/tifu/comments/uz2n3r/tifu_by_thinking_peanut_butter_was_supposed_to_be/
uyzw74,39735,79874,1057,False,t3_uyzw74,914,False,28695,False,False,False,2qm21,t5_2qm21,1512601,Sounds like reasonable first step,0.91,https://i.imgur.com/hUmw7BV.jpg
uz9j83,39499,153341,597,False,t3_uz9j83,306,False,3706,False,False,False,2qh13,t5_2qh13,28908635,Spanish parliament approves ‚Äòonly yes means yes‚Äô consent bill | Spain,0.96,https://www.theguardian.com/world/2022/may/26/spanish-parliament-approves-only-yes-means-yes-consent-bill
uz8r62,415,2030,636,False,t3_uz8r62,35,False,3403,False,False,False,3b749,t5_3b749,3814516,Try to sneak up on a german shepard,0.98,https://i.redd.it/l2ow5t8oa3291.gif
uz0m1i,374085,5652341,1023,False,t3_uz0m1i,294,False,19909,False,False,False,2x93b,t5_2x93b,6930014,Veluwemeer Aqueduct in the Netherlands,0.97,https://gfycat.com/fluidaccurateboa
uz52k2,270810,750991,814,False,t3_uz52k2,107,False,6079,False,False,False,29numb,t5_29numb,768638,I drew Mumei and Gura!,0.93,https://i.redd.it/5hcj5wvxe2291.jpg
uz0gnw,7249,7822,1030,False,t3_uz0gnw,1479,False,17896,False,False,False,3pkgv,t5_3pkgv,1350994,I‚Äôm 27f living in New York and my mom freaks out when she can‚Äôt control me anymore.,0.95,https://www.reddit.com/gallery/uz0gnw
uz9pmj,312818,10785220,588,False,t3_uz9pmj,116,False,2935,False,False,False,3gdh7,t5_3gdh7,6848640,"üî• Bald Eagle swoops in, steals food right out of the mouth of a Gray Wolf.",0.99,https://v.redd.it/4sua7rn1j3291
uz1984,35184,84055,993,False,t3_uz1984,90,False,14865,False,False,False,2sa3m,t5_2sa3m,2923274,haha got your nose,0.96,https://i.redd.it/1of8dau4j1291.jpg
uz402g,7881,96176,866,False,t3_uz402g,623,False,6735,False,False,False,3ipa1,t5_3ipa1,545868,They Were Afraid Of Getting Shot At...,0.94,https://i.imgur.com/5SoDbwW.jpg
uz4l6k,377,28987,838,False,t3_uz4l6k,166,False,8248,False,False,False,23gidu,t5_23gidu,385294,"Fuck morbius, pixels is what real men watch",0.94,https://i.redd.it/trfg7drra2291.gif
uyzd8j,572149,711571,1082,False,t3_uyzd8j,1029,False,26498,False,False,False,3aimx,t5_3aimx,3751980,Nailed it!,0.97,https://v.redd.it/99scly9531291
uz01pj,11764,55779,1050,False,t3_uz01pj,612,False,15299,False,False,False,2uao3,t5_2uao3,2742129,We see stuff like this on a daily basis,0.97,https://i.redd.it/3t3enk8091291.jpg
uz14y5,623,194473,998,False,t3_uz14y5,439,False,11034,False,False,False,2qh61,t5_2qh61,6813181,Whizz Kid,0.92,https://v.redd.it/mhdmf232i1291
uz23bk,28947,482991,955,False,t3_uz23bk,57,False,13278,False,False,False,2uqcm,t5_2uqcm,5501450,Downward-Facing Dog,0.99,https://v.redd.it/70lpy47tp1291
uz4x43,3624,9051,822,False,t3_uz4x43,169,False,5222,False,False,False,p3r73,t5_p3r73,535955,May I offer you photos of my garden in these trying times,0.99,https://www.reddit.com/gallery/uz4x43
uz383g,22258,67537,902,False,t3_uz383g,6341,False,37096,False,False,False,2qh3l,t5_2qh3l,24719657,"Shooter entered school through propped open door, had over 1,600 rounds of ammunition",0.92,https://news4sanantonio.com/news/local/official-kids-to-911-during-siege-police-send-the-police
uyyqr5,748,25202,1113,False,t3_uyyqr5,225,False,41542,False,False,False,2wmvy,t5_2wmvy,5301428,Bros before anything,0.94,https://i.redd.it/10ljf31nx0291.jpg
uz7drn,120,2621,703,False,t3_uz7drn,103,False,3766,False,False,False,48t85,t5_48t85,2143629,Laughed a little too hard,0.97,https://i.redd.it/gru2bmrty2291.jpg
uz0p3o,58977,151004,1019,False,t3_uz0p3o,1020,False,10563,False,False,False,2qh3s,t5_2qh3s,27992284,"Tron Legacy: Before Top Gun Maverick, director Joseph Kosinski made one of the most audacious big-budget debuts of all time",0.94,https://indianexpress.com/article/entertainment/hollywood/tron-legacy-top-gun-maverick-director-joseph-kosinski-audacious-debut-film-7935233/lite/
uyzqnb,33403,69376,1065,False,t3_uyzqnb,623,False,14536,False,False,False,11q8ir,t5_11q8ir,124908,Tell me you're guilty without telling me you're guilty?,0.96,https://i.redd.it/8e81iqfc61291.jpg
uzbouo,41,87797,484,False,t3_uzbouo,690,False,1900,False,False,False,2qo4s,t5_2qo4s,4800620,"[Wojnarowski] The Lakers have hired Darvin Ham as coach, sources tell ESPN.",0.98,https://twitter.com/wojespn/status/1530344012607066112
uz3xpd,2169,57458,869,False,t3_uz3xpd,148,False,5924,False,False,False,2u2bh,t5_2u2bh,3835455,What you say?,0.92,https://v.redd.it/78j0q8r852291
uz6qw2,1178,17228,734,False,t3_uz6qw2,229,False,3478,False,False,False,msyp9,t5_msyp9,692314,[France] POS runs over a pedestrian and tries to get away,0.95,https://v.redd.it/97c14719t2291
uz4g5r,646,3085,844,False,t3_uz4g5r,207,False,4836,False,False,False,2r9vp,t5_2r9vp,1856745,"Another bust in Texas, 30 years to life",0.96,https://i.redd.it/tzhknzgl92291.jpg
uz71tb,12920,21406,720,False,t3_uz71tb,641,False,9578,False,False,False,43zwn1,t5_43zwn1,787797,Lurking as well. Also I just shook his hand. He's still in Montreal ü§´,0.93,https://i.redd.it/ppddlqowv2291.jpg
uz46bx,17288,4638015,858,False,t3_uz46bx,85,False,16874,False,False,False,35n7t,t5_35n7t,2536335,"Any time one of these clowns complains about people being ""woke"" they're just admitting that they like being asleep.",0.96,https://i.imgur.com/ziEvKXV.png
uyyw00,88869,8413,1106,False,t3_uyyw00,932,False,32463,False,False,False,3hx3r,t5_3hx3r,2710665,Australians are easily offended,0.88,https://i.redd.it/rzk6gvyzy0291.jpg
uyzmjg,3115,5743,1070,False,t3_uyzmjg,612,False,12704,False,False,False,3g3zk,t5_3g3zk,573212,I think they‚Äôre half a step away from coming to the right conclusion on their own,0.95,https://i.redd.it/uv4a9cnc51291.jpg
uyy19x,178147,298126,1150,False,t3_uyy19x,1134,False,45719,False,False,False,2t5y3,t5_2t5y3,3930127,"MRW I'm a police officer, armed to the teeth and covered in bullet proof armor and someone asks me if I want to go save some children",0.91,https://i.redd.it/m43hn794r0291.gif
uz6ylp,16789,26195,724,False,t3_uz6ylp,166,False,3474,False,False,False,2yo6b,t5_2yo6b,2324542,This tick that I picked up because I thought it was a rock‚Ä¶,0.98,https://i.redd.it/23isx565v2291.jpg
uz5xfm,175,2701,773,False,t3_uz5xfm,43,False,3849,False,False,False,2ro2c,t5_2ro2c,1760186,Pretty Muchü§£,0.98,https://i.redd.it/pba1fe7bm2291.jpg
uz1n60,1569,62692,976,False,t3_uz1n60,104,False,8575,False,False,False,2sgp1,t5_2sgp1,6125387,Not to brag but,0.97,https://i.redd.it/3xkj5165m1291.jpg
uz36pn,255,12303,905,False,t3_uz36pn,98,False,6931,False,False,False,3948y,t5_3948y,2931483,The kid: it's train time üòÅ,0.97,https://v.redd.it/mfphpmooy1291
uz0339,262,5675,1048,False,t3_uz0339,24,False,13019,False,False,False,2wfjv,t5_2wfjv,4816874,Gotta be quicker next time little buddy,0.93,https://v.redd.it/lfywggyb91291
uyyvkd,1714,8397,1107,False,t3_uyyvkd,265,True,16428,False,False,False,2qimj,t5_2qimj,2131712,Mercedes mechanic examines the rear of ... Another mechanic,0.94,https://streamable.com/ph6jmy
uz19t2,79693,3808264,993,False,t3_uz19t2,33,False,22795,False,False,False,2usxq,t5_2usxq,1624848,They must have heard about my exploits,0.97,https://i.redd.it/6pkwp5d9j1291.gif
uyynhq,165,7036,1118,False,t3_uyynhq,177,False,15706,False,False,False,2s28b,t5_2s28b,752090,Now I'm a Golden God,0.97,https://i.redd.it/82lzacbww0291.jpg
uz87xq,14169,2884,663,False,t3_uz87xq,242,False,5664,False,False,False,2y77d,t5_2y77d,1956754,85 Degree Bakery enabled tips on their point of sale devices. Tips don‚Äôt go to workers; you‚Äôre just giving the company more money.,0.99,https://i.imgur.com/BQNBUUH.jpg
uz7dtz,452329,3043300,703,False,t3_uz7dtz,279,False,2961,False,True,False,2uii8,t5_2uii8,2601055,Official Stills of SPOILER Characters in 'Doctor Strange in the Multiverse of Madness',0.97,https://www.reddit.com/gallery/uz7dtz
uyzhax,18779,94033,1078,False,t3_uyzhax,432,False,17004,False,False,False,2v0i1,t5_2v0i1,1137534,They could‚Äôve just flown the ring,0.95,https://i.redd.it/cszg481041291.gif
uz0bfn,768,6214,1038,False,t3_uz0bfn,154,False,9366,False,False,False,5qpzgw,t5_5qpzgw,546892,Encouraging to see. Spotted at a local store.,0.96,https://i.imgur.com/GQwrCOF.jpg
uz5lra,70335,11115706,790,False,t3_uz5lra,341,False,3728,False,False,False,xkt2h,t5_xkt2h,284697,This is what a Democratic majority has accomplished:,0.83,https://i.redd.it/62yz6tq7j2291.png
uyy2ms,4127,92176,1149,False,t3_uyy2ms,223,False,31801,False,False,False,3mj3w,t5_3mj3w,822586,"In American Psycho (2000), the restaurant Dorsia is mentioned several times, but never actually shown. This is because the film crew couldn't get a reservation.",0.95,https://i.redd.it/jb9mejsgr0291.jpg
uz11oq,7579,11536,1003,False,t3_uz11oq,453,False,8590,False,False,False,2u5un,t5_2u5un,1508790,Kickboxer starts a fight and gets KO‚Äôd by wild haymakers,0.96,https://v.redd.it/hdbpjs0dh1291
uz7wx5,1205,2566,677,False,t3_uz7wx5,100,False,3155,False,False,False,2srr9,t5_2srr9,1348344,Anon had a dad,0.99,https://i.redd.it/c8z9fnle33291.png
uz6zbi,53217,45828,723,False,t3_uz6zbi,236,False,2930,False,False,False,2eempv,t5_2eempv,49651,Johnny Depp and Judy (the stenographer) ‚ù§Ô∏è,0.93,https://i.redd.it/03fo4j6av2291.jpg
uz2o1q,3744,474951,929,False,t3_uz2o1q,107,False,7475,False,False,False,3pzez,t5_3pzez,2067332,Is she not swimming?,0.98,https://i.redd.it/epqqyveou1291.jpg
uz2znu,0,6485,913,False,t3_uz2znu,96,False,9493,False,False,False,2qh33,t5_2qh33,40803337,The best place in the house to sleep,0.97,https://v.redd.it/56lbnnuax1291
