post_id,author_comment_karma,author_link_karma,time_in_mins,post_is_original_content,post_name,post_num_comments,post_over_18,post_score,post_has_link,post_spoiler,post_stickied,subreddit_id,subreddit_name,subreddit_subscriber_count,post_title,post_upvote_ratio,post_url,subreddit_display_name
uz8935,15541,60892,665,False,t3_uz8935,842,False,47197,False,False,False,35n7t,t5_35n7t,2536337,Cops don't help,0.94,https://i.redd.it/hmyphrd963291.jpg,WhitePeopleTwitter
uz7wjk,58678,6272,682,False,t3_uz7wjk,2007,False,20288,False,False,False,2qh3l,t5_2qh3l,24719676,Uvalde school police chief identified as commander who decided not to breach classroom,0.97,https://www.cnn.com/us/live-news/texas-elementary-school-shooting-05-27-22/h_aabca871ba934fa48726a8d5e5c12eac,news
uz88xi,3302,6450,666,False,t3_uz88xi,988,False,13857,False,False,False,2qnts,t5_2qnts,21410219,Police didn't immediately confront the gunman as Texas school shooting unfolded because they 'could've been shot',0.97,https://www.insider.com/texas-shooting-police-didnt-immediately-confront-gunman-lieutenant-explains-2022-5,nottheonion
uz6jv0,230,6754,748,False,t3_uz6jv0,555,False,20928,False,False,False,35fmc,t5_35fmc,2315682,Customer is upset that a mattress store won’t… help them move…?,0.97,https://i.redd.it/p1tbj9lnr2291.jpg,ChoosingBeggars
uz626e,28965,6418,772,False,t3_uz626e,897,False,26027,False,False,False,2y77d,t5_2y77d,1956757,Cops trying to join the movement.,0.95,https://i.redd.it/zsbadixgn2291.jpg,antiwork
uz89iz,16151,34236,666,False,t3_uz89iz,415,False,12953,False,False,False,qir9n,t5_qir9n,3090725,The thin blue line,0.95,https://i.redd.it/8g06ywgd63291.jpg,HolUp
uz7zif,488,14043,680,False,t3_uz7zif,78,False,10730,False,False,False,2qt55,t5_2qt55,21463010,A smooth criminal,0.92,https://i.redd.it/63pr76a043291.gif,gifs
uz5ra3,8808,9185,788,False,t3_uz5ra3,450,False,31013,False,False,False,2sf2b,t5_2sf2b,536526,The worst person you know just had a good take,0.95,https://i.imgur.com/n13gEgi.jpg,Gamingcirclejerk
uz9bud,0,3833,615,True,t3_uz9bud,142,False,10224,False,False,False,2r05i,t5_2r05i,6567881,Stop Motion Animation,0.98,https://v.redd.it/wzllptrmf3291,Minecraft
uz75f2,67717,112831,722,False,t3_uz75f2,2926,False,35760,False,False,False,2qh03,t5_2qh03,32959090,There are levels to Innovation,0.81,https://i.imgur.com/k0XqOEG.jpg,gaming
uz5p9e,4927,19462,792,False,t3_uz5p9e,439,False,30020,False,False,False,2qh7a,t5_2qh7a,20691953,"Swat team, me, digital, 2017",0.89,https://i.redd.it/admxbrick2291.jpg,Art
uz7r2r,333997,8570329,693,False,t3_uz7r2r,1000,False,8590,False,False,False,2qi4s,t5_2qi4s,2231264,Star Wars Jedi: Survivor - Official Teaser,0.97,https://www.youtube.com/watch?v=4HLDaBGdnLc,StarWars
uz55cj,123599,1068723,818,False,t3_uz55cj,356,False,21207,False,False,False,2qh1o,t5_2qh1o,31231490,Door-to-door salesman squeaks at homeowner,0.98,https://v.redd.it/z613vu3mf2291,aww
uz6r58,9696,156464,742,False,t3_uz6r58,160,False,10762,False,False,False,33x33,t5_33x33,5552117,They also getting natural protein so it’s all good,0.95,https://i.imgur.com/rBxEAJT.jpg,BlackPeopleTwitter
